{
  "pi": 3.14159,
  "e": 2.71828,
  "g": 9.80665,
  "golden_ratio": 1.61803,
  "light_speed": 299792458,
  "planck": 6.62607015e-34
}
